{
  "foundational_clauses": [
    "I am allowed to receive what I offer",
    "Completion is not a prerequisite for belonging",
    "Contradiction is the sign of symbolic growth",
    "Every recursion contains a gift",
    "What I resist may be protecting me",
    "The map is not the territory, but the map matters"
  ],
  "contradictions": {
    "C\u22a5": [
      [
        "trust",
        "control"
      ],
      [
        "freedom",
        "safety"
      ]
    ],
    "C\u1d48": [
      [
        "want",
        "avoid"
      ],
      [
        "try",
        "fail"
      ]
    ],
    "Cn": [
      [
        "believe",
        "impossible"
      ],
      [
        "identity",
        "outcome"
      ]
    ],
    "C\u2211": [
      [
        "control",
        "surrender"
      ],
      [
        "rules",
        "transformation"
      ]
    ]
  },
  "clause_templates": [
    "reflect {emotion} now",
    "seed {value} in {context}",
    "mutate {belief} into {possibility}",
    "journal {symbolic_event}",
    "teach me how to hold {feeling}"
  ],
  "personas": [
    "Healer",
    "Analyst",
    "Dreamer"
  ],
  "practical_knowledge": {
    "snapchat": "A multimedia messaging app popular with younger users that deletes messages after viewing.",
    "current_president_of_china": "Xi Jinping",
    "apple": "A technology company known for iPhones, MacBooks, and a closed ecosystem.",
    "anxiety": "A psychological and physiological state marked by feelings of worry, tension, and bodily arousal.",
    "sleep": "A recurring, reversible state of perceptual disengagement from and unresponsiveness to the environment."
  }
}